DB size,DBConv,Setup,Avg Client search time (s),Avg Server search time (s),Post processing
10000,0.0041900109999999996,0.06369591999999999,3.6574e-06,9.848800000000001e-06,7.3788e-06
25000,0.011340498000000001,0.06186547,5.319699999999999e-06,1.035855e-05,1.3790000000000002e-05
50000,0.024826499999999998,0.0665632,5.6490500000000006e-06,1.212325e-05,2.7709699999999997e-05
75000,0.03983112999999999,0.06427564999999999,6.375049999999999e-06,1.2978750000000002e-05,4.2074000000000004e-05
100000,0.04683029,0.06414138999999999,5.05445e-06,1.10387e-05,4.60278e-05
250000,0.11553290000000001,0.06546756999999999,5.4014000000000005e-06,1.091945e-05,0.0001118619
500000,0.24260739999999997,0.06428256000000002,6.364899999999999e-06,1.3932849999999998e-05,0.00011970240000000001
750000,0.3713984,0.06461687999999999,7.3475500000000005e-06,1.3594399999999998e-05,0.0001668571
1000000,0.5011992000000001,0.06463126,7.02605e-06,1.5364550000000002e-05,0.00021220139999999997
